Input Size,Time (s)
10000,0.036000
100000,0.006000
1000000,0.050000
10000000,0.463000
100000000,4.610000
