Input Size,Time (s)
100000,0.005000
500000,0.023000
1000000,0.033000
5000000,0.109000
10000000,0.197000
50000000,1.047000
100000000,2.091000
