Input Size,Time (s)
10000,0.001000
100000,0.012000
1000000,0.093000
10000000,1.028000
100000000,11.453000
