Input Size,Time (s)
100000,0.008000
500000,0.054000
1000000,0.093000
5000000,0.499000
10000000,1.083000
50000000,5.713000
100000000,11.821000
