Input Size, Speedup
100000,1.6
500000,2.347826
1000000,2.818182
5000000,4.577982
10000000,5.497462
50000000,5.456543
100000000,5.653276
